name,year,BEN,CO,EBE,MXY,NMHC,NO_2,NOx,OXY,O_3,PM10,PXY,SO_2,TCH,TOL,station,id,lon,lat,elevation,PM25,NO,CH4
Arturo Soria,2001,,0.6420162668039192,,,,42.190989353737265,81.13231852747352,,37.93769495279454,34.85021831276032,,14.01567105797437,,,28079016.0,28079016.0,-3.639233333333333,40.44004722222222,693.0,,,
Arturo Soria,2002,,0.5697978524739657,,,,52.0686851911194,86.20672037573146,,41.58605390197748,28.114720071044495,,10.065096538543266,,,28079016.0,28079016.0,-3.639233333333333,40.44004722222222,693.0,,,
Arturo Soria,2003,,0.46590602447407525,,,,52.142917112379905,85.26326817152089,,42.50783351943113,29.661236950422996,,10.019916517457228,,,28079016.0,28079016.0,-3.639233333333333,40.44004722222222,693.0,,,
Arturo Soria,2004,,0.34304443167418286,,,,49.15420689012514,85.67311826904991,,42.76564201758035,27.333988167646034,,10.363345262298553,,,28079016.0,28079016.0,-3.639233333333333,40.44004722222222,693.0,,,
Arturo Soria,2005,,0.4060248159996049,,,,52.85931747447043,85.38336895312932,,42.86644074288556,26.23514031340315,,13.294754134765004,,,28079016.0,28079016.0,-3.639233333333333,40.44004722222222,693.0,,,
Arturo Soria,2006,,0.45314315291131907,,,,45.15828374686126,73.29200579050365,,42.147314082117056,25.991783680205586,,8.997378865996978,,,28079016.0,28079016.0,-3.639233333333333,40.44004722222222,693.0,,,
Arturo Soria,2007,,0.4098569298271997,,,,37.374154362252085,67.94487113481969,,41.17182443925008,25.31829512195832,,9.728307956549257,,,28079016.0,28079016.0,-3.639233333333333,40.44004722222222,693.0,,,
Arturo Soria,2008,,0.2921006489181612,,,,34.74585829311792,58.398436019735385,,45.59258252361173,20.79484731561598,,8.597815486238867,,,28079016.0,28079016.0,-3.639233333333333,40.44004722222222,693.0,,,
Arturo Soria,2009,,0.3061731780279382,,,,43.165107466830776,64.62721099842611,,51.576131272498976,22.07293734218518,,9.084118322231605,,,28079016.0,28079016.0,-3.639233333333333,40.44004722222222,693.0,,,
Arturo Soria,2010,,0.3296388571100575,,,,43.85090732485011,64.21065986343561,,43.71403703416793,,,,,,28079016.0,28079016.0,-3.639233333333333,40.44004722222222,693.0,,,
Arturo Soria,2011,,0.3409125231684629,,,,44.05065242246039,69.0199966430664,,43.53663160303161,,,,,,28079016.0,28079016.0,-3.639233333333333,40.44004722222222,693.0,,23.676265569649182,
Arturo Soria,2012,,0.3503365900649402,,,,39.26285648837476,,,36.678280802292264,,,,,,28079016.0,28079016.0,-3.639233333333333,40.44004722222222,693.0,,20.087275226205474,
Arturo Soria,2013,,0.32411153684846467,,,,34.146849942726234,,,48.29849039341263,,,,,,28079016.0,28079016.0,-3.639233333333333,40.44004722222222,693.0,,16.37823596792669,
Arturo Soria,2014,,0.3176746912095759,,,,35.66307709932409,,,53.27029816513762,,,,,,28079016.0,28079016.0,-3.639233333333333,40.44004722222222,693.0,,17.071371291098636,
Arturo Soria,2015,,0.3340091697897288,,,,43.09554359033108,,,47.11510626076967,,,,,,28079016.0,28079016.0,-3.639233333333333,40.44004722222222,693.0,,20.08569137358231,
Arturo Soria,2016,,0.338685885846443,,,,38.13597442630437,,,44.944222196822494,,,,,,28079016.0,28079016.0,-3.639233333333333,40.44004722222222,693.0,,16.910377897020208,
Arturo Soria,2017,,0.3271521721352532,,,,41.71415493763588,113.9763851044505,,52.11702250432776,,,,,,28079016.0,28079016.0,-3.639233333333333,40.44004722222222,693.0,,19.283670900560704,
Arturo Soria,2018,,0.343984708158877,,,,40.26520681265207,66.58359402155023,,43.122648083623695,,,,,,28079016.0,28079016.0,-3.639233333333333,40.44004722222222,693.0,,17.15606534584637,
Avda. Ramón y Cajal,2001,,0.7039495511134957,,,0.24010095903758052,52.93650792903271,114.99850731856381,,34.357425455204286,30.266386492062946,,19.697748331093354,1.608720342659216,,28079011.0,28079011.0,-3.6773555555555553,40.451475,708.0,,,
Avda. Ramón y Cajal,2002,,0.5407979815510268,,,0.17465588445816868,59.875446713508055,112.99533200611255,,35.56936076392367,29.412994150723204,,14.928676306640755,1.490245469846045,,28079011.0,28079011.0,-3.6773555555555553,40.451475,708.0,,,
Avda. Ramón y Cajal,2003,,0.6006631601327959,,,0.17172102064588257,57.047741616167194,102.88723944759445,,40.77603297970119,29.636267473067843,,16.65359082601815,1.4816557950866565,,28079011.0,28079011.0,-3.6773555555555553,40.451475,708.0,,,
Avda. Ramón y Cajal,2004,,0.5146940162315158,,,0.17498490127684,56.31031008150542,104.4670117388238,,35.561916244649716,30.250941224423496,,13.993385000383226,1.5108268493692358,,28079011.0,28079011.0,-3.6773555555555553,40.451475,708.0,,,
Avda. Ramón y Cajal,2005,,0.742298810118507,,,0.23513369623287783,54.429883102116,111.42051340537472,,38.24937118734624,33.0602662282743,,14.752495145497832,1.5257621912413468,,28079011.0,28079011.0,-3.6773555555555553,40.451475,708.0,,,
Avda. Ramón y Cajal,2006,,0.7255560645201056,,,0.26575887655974617,45.79097140597782,88.52635777123912,,39.774851618140545,31.23094332263315,,13.219036581319658,1.5157419660277012,,28079011.0,28079011.0,-3.6773555555555553,40.451475,708.0,,,
Avda. Ramón y Cajal,2007,,0.4333360042199108,,,0.2587139381186622,52.88875747642082,94.17519367378722,,38.95026643184768,26.966134726448093,,12.885421531989676,1.4249502996080075,,28079011.0,28079011.0,-3.6773555555555553,40.451475,708.0,,,
Avda. Ramón y Cajal,2008,,0.28707768317779475,,,0.1919130034928704,49.63220039687405,82.62339430396135,,45.47632232468497,24.789120594877417,,12.124488508454684,1.3766458971601905,,28079011.0,28079011.0,-3.6773555555555553,40.451475,708.0,,,
Avda. Ramón y Cajal,2009,0.3774964040882296,0.33070926874249773,0.8908345324101208,,0.2380258942002952,55.02549712238993,85.81928458268303,,46.12507239043014,22.10382109217414,,11.69672332708688,1.4681191712256911,2.4353746414528112,28079011.0,28079011.0,-3.6773555555555553,40.451475,708.0,,,
Avda. Ramón y Cajal,2010,1.343572005684519,,1.0193529405516186,,,54.64545091694049,86.91909008525963,,,,,,,4.492237252435983,28079011.0,28079011.0,-3.6773555555555553,40.451475,708.0,,,
Avda. Ramón y Cajal,2011,1.7158586676410827,,1.126075746430098,,,53.83438167425285,79.11000061035156,,,,,,,5.476426991180945,28079011.0,28079011.0,-3.6773555555555553,40.451475,708.0,,34.514528540254965,
Avda. Ramón y Cajal,2012,1.7565775880503989,,1.0080055074245233,,,45.74575304982328,,,,,,,,5.2120409822510645,28079011.0,28079011.0,-3.6773555555555553,40.451475,708.0,,27.35412153688291,
Avda. Ramón y Cajal,2013,1.7891564870317167,,0.9203503133137123,,,41.21545694301112,,,,,,,,4.777270096809344,28079011.0,28079011.0,-3.6773555555555553,40.451475,708.0,,22.89439284485724,
Avda. Ramón y Cajal,2014,1.6383832525201267,,0.9039722084412357,,,38.41925145931098,,,,,,,,4.524069994515347,28079011.0,28079011.0,-3.6773555555555553,40.451475,708.0,,23.45576284765938,
Avda. Ramón y Cajal,2015,1.736716208548648,,0.798930982342057,,,45.98027975235038,,,,,,,,4.864484887983484,28079011.0,28079011.0,-3.6773555555555553,40.451475,708.0,,29.937170373767483,
Avda. Ramón y Cajal,2016,1.4571080707136286,,0.6448103951064088,,,44.017343678685535,,,,,,,,4.301242885112638,28079011.0,28079011.0,-3.6773555555555553,40.451475,708.0,,26.579872204472842,
Avda. Ramón y Cajal,2017,0.6932337881142827,,0.2960466498266851,,,45.72101283226398,134.4690627843494,,,,,,,2.394580073511053,28079011.0,28079011.0,-3.6773555555555553,40.451475,708.0,,25.244385884509626,
Avda. Ramón y Cajal,2018,0.45364565515379623,,0.1647411084019747,,,43.33576896311761,73.9794711203897,,,,,,,1.0848538251321431,28079011.0,28079011.0,-3.6773555555555553,40.451475,708.0,,19.98016701461378,
Barajas Pueblo,2003,,,,,0.10384792622783932,55.54221098384921,98.64975178595165,,,40.191132486786714,,8.13036198745895,1.3344089909083283,,28079027.0,28079027.0,-3.580030555555555,40.47692777777778,621.0,,,
Barajas Pueblo,2004,,,,,0.11608498242702135,55.64363073437037,95.11122551910275,,,42.88127788892123,,6.464054909303328,1.3339355173550556,,28079027.0,28079027.0,-3.580030555555555,40.47692777777778,621.0,,,
Barajas Pueblo,2005,0.2480523224357289,,0.7216546990254364,,0.10237317367934777,44.24373283143883,72.11244784740173,,,25.802407362187335,,4.727400305202765,1.3454362843668968,2.1397745074910124,28079027.0,28079027.0,-3.580030555555555,40.47692777777778,621.0,,,
Barajas Pueblo,2006,0.27049908348234786,,0.8803877482147778,,0.10016655178290038,42.62167876882563,72.41529575488867,,,25.687418493343888,,5.483917684381201,1.4137893372531762,2.1659919578442963,28079027.0,28079027.0,-3.580030555555555,40.47692777777778,621.0,,,
Barajas Pueblo,2007,0.3204036141800479,,0.8150828670489337,,0.10775846273323886,37.220965640774565,69.73752947401802,,,27.18439135225531,,9.912780126008492,1.3884043881165284,2.0324530889925887,28079027.0,28079027.0,-3.580030555555555,40.47692777777778,621.0,,,
Barajas Pueblo,2008,0.30444419027131164,,1.0046427749609115,,0.13387619144209104,42.019966496094405,68.73517792619435,,,25.415637980501174,,7.422091084930545,1.4219329280750315,1.8654750400876927,28079027.0,28079027.0,-3.580030555555555,40.47692777777778,621.0,,,
Barajas Pueblo,2009,0.4854665834035522,,2.0913944775858893,,0.14803366945775762,45.0144359015541,70.55447272371464,,16.489333385891385,20.986860646525034,,8.606909551561296,1.4430287454350221,2.4851370291331505,28079027.0,28079027.0,-3.580030555555555,40.47692777777778,621.0,,,
Barajas Pueblo,2010,,,,,0.1996020124066358,47.17067081467,70.71536624119658,,47.15816966661193,,,,1.4102184587330509,,28079027.0,28079027.0,-3.580030555555555,40.47692777777778,621.0,,,
Barajas Pueblo,2011,,,,,0.21448378606228885,39.99057364853406,71.68000030517578,,49.69107873387207,,,,1.4147163953952695,,28079027.0,28079027.0,-3.580030555555555,40.47692777777778,621.0,,21.03668990741799,
Barajas Pueblo,2012,,,,,0.16735287414809316,35.46330902461258,,,45.384361107944834,,,,1.3048106767509104,,28079027.0,28079027.0,-3.580030555555555,40.47692777777778,621.0,,18.191886964448496,
Barajas Pueblo,2013,,,,,0.15910642699170235,31.447925002858124,,,53.73036020583191,,,,1.3371153653917587,,28079027.0,28079027.0,-3.580030555555555,40.47692777777778,621.0,,15.203041042643193,
Barajas Pueblo,2014,,,,,0.20429687595102358,31.05643315018315,,,55.52129120879121,,,,1.439062503596338,,28079027.0,28079027.0,-3.580030555555555,40.47692777777778,621.0,,14.677655677655677,
Barajas Pueblo,2015,,,,,,34.168271435121504,,,47.983050847457626,,,,,,28079027.0,28079027.0,-3.580030555555555,40.47692777777778,621.0,,20.67033470884915,
Barajas Pueblo,2016,,,,,,37.30461608775137,,,46.492965867158674,,,,,,28079027.0,28079027.0,-3.580030555555555,40.47692777777778,621.0,,18.492001828153565,
Barajas Pueblo,2017,,,,,,40.05640086946573,112.14947751022262,,47.19151376146789,,,,,,28079027.0,28079027.0,-3.580030555555555,40.47692777777778,621.0,,19.532090149868438,
Barajas Pueblo,2018,,,,,,38.120305980528514,65.33205841446454,,46.37897310513448,,,,,,28079027.0,28079027.0,-3.580030555555555,40.47692777777778,621.0,,17.757649513212794,
Barrio del Pilar,2001,,0.9329290606132634,,,,51.821549912346256,113.95340960957003,,37.10370708396424,35.19168160243361,,14.276366866361988,,,28079039.0,28079039.0,-3.7115416666666654,40.47822777777778,674.0,,,
Barrio del Pilar,2002,,0.7475197067907521,,,,53.397803205947305,101.03066475904234,,41.16720471217095,36.30031904359079,,7.6203611054266265,,,28079039.0,28079039.0,-3.7115416666666654,40.47822777777778,674.0,,,
Barrio del Pilar,2003,,0.6380599579182701,,,,54.08869012876254,96.25899226797267,,44.3914592592905,36.34325972983062,,6.966847068808975,,,28079039.0,28079039.0,-3.7115416666666654,40.47822777777778,674.0,,,
Barrio del Pilar,2004,,0.44019587519921477,,,,57.61550881662882,110.26953780517829,,37.55746968027868,35.12671681621563,,8.365980863626127,,,28079039.0,28079039.0,-3.7115416666666654,40.47822777777778,674.0,,,
Barrio del Pilar,2005,,0.585748419548839,,,,60.92523952382245,110.44268934309038,,38.565552754174114,38.422328837926415,,7.754513275238334,,,28079039.0,28079039.0,-3.7115416666666654,40.47822777777778,674.0,,,
Barrio del Pilar,2006,,0.6841643112213069,,,,53.066749712308535,89.03611403774875,,41.47628775733763,41.38770357802077,,6.1868669759878205,,,28079039.0,28079039.0,-3.7115416666666654,40.47822777777778,674.0,,,
Barrio del Pilar,2007,,0.423296172578706,,,,54.982548230375976,90.43239331083625,,42.40557920517557,37.71689107596604,,7.32250151154936,,,28079039.0,28079039.0,-3.7115416666666654,40.47822777777778,674.0,,,
Barrio del Pilar,2008,,0.3100080229423107,,,,47.95745988785264,81.30908297716287,,44.443351882610486,27.456306681490158,,7.868150866060345,,,28079039.0,28079039.0,-3.7115416666666654,40.47822777777778,674.0,,,
Barrio del Pilar,2009,,0.27457247375436955,,,,43.37388846037361,74.38577776781449,,49.53111226682964,26.879998832396815,,8.54015255690879,,,28079039.0,28079039.0,-3.7115416666666654,40.47822777777778,674.0,,,
Barrio del Pilar,2010,,0.373103369655846,,,,43.138105994739405,70.11109891764671,,46.4615179988604,,,,,,28079039.0,28079039.0,-3.7115416666666654,40.47822777777778,674.0,,,
Barrio del Pilar,2011,,0.3850351804017801,,,,49.306953240901905,50.310001373291016,,43.64000571564446,,,,,,28079039.0,28079039.0,-3.7115416666666654,40.47822777777778,674.0,,37.965012577178136,
Barrio del Pilar,2012,,0.3369555351272344,,,,44.8913836334625,,,38.97458110110566,,,,,,28079039.0,28079039.0,-3.7115416666666654,40.47822777777778,674.0,,31.867905174378848,
Barrio del Pilar,2013,,0.3322635963261331,,,,40.685599541021226,,,48.43864259597806,,,,,,28079039.0,28079039.0,-3.7115416666666654,40.47822777777778,674.0,,25.182673551348252,
Barrio del Pilar,2014,,0.3723136782790966,,,,40.534110387384295,,,50.06086956521739,,,,,,28079039.0,28079039.0,-3.7115416666666654,40.47822777777778,674.0,,26.350702776825507,
Barrio del Pilar,2015,,0.40414784513582236,,,,44.57734456107971,,,52.74870317002882,,,,,,28079039.0,28079039.0,-3.7115416666666654,40.47822777777778,674.0,,39.05294728342369,
Barrio del Pilar,2016,,0.38225880872575746,,,,39.838366506520245,,,51.196293754289634,,,,,,28079039.0,28079039.0,-3.7115416666666654,40.47822777777778,674.0,,29.98055364905056,
Barrio del Pilar,2017,,0.4122510138673897,,,,43.22232461697961,170.3747136967476,,47.65499366432439,,,,,,28079039.0,28079039.0,-3.7115416666666654,40.47822777777778,674.0,,33.52931689897477,
Barrio del Pilar,2018,,0.34183351553173114,,,,40.407238229093466,74.77477160927617,,46.512289325842694,,,,,,28079039.0,28079039.0,-3.7115416666666654,40.47822777777778,674.0,,22.428671820098383,
Casa de Campo,2001,1.076908982629683,0.6670389688657815,1.513287931306815,2.3607381583562463,0.12974075809700578,36.00409423654063,57.311976761383434,1.3037404018615175,40.920499964679095,29.332625710892216,1.1782638479749694,11.409661209794896,1.3966112888269264,5.737469593430512,28079024.0,28079024.0,-3.7473472222222224,40.41935555555556,642.0,,,
Casa de Campo,2002,1.1676247575619916,0.5425809018874063,1.283468522845833,2.3448549057761277,0.14942958816359195,37.57071273260866,55.111510120626306,1.3168464775224682,42.49681755642832,27.68896612483766,1.1179566528067253,4.236153760622983,1.3644835428539444,5.161339157674424,28079024.0,28079024.0,-3.747347222222222,40.41935555555556,642.0,,,
Casa de Campo,2003,1.0930351018113118,0.5434324693011656,1.2947246513607455,2.2530311987444995,0.10469987075856813,35.6427201485973,56.49883285130329,1.328921058717292,50.1236209593987,28.488376321903008,1.0413855060499912,6.683598272592859,1.3725560838854385,4.466537055540854,28079024.0,28079024.0,-3.7473472222222224,40.41935555555556,642.0,,,
Casa de Campo,2004,0.9777353587937615,0.39605494953973536,1.1370631651757839,1.8444791835893475,0.09073204730747532,35.704440168864366,55.55364079270151,1.1704959384601352,48.22815123974682,30.517704788917978,0.9429123538004439,7.402912271604406,1.3521651748664316,4.043319523872108,28079024.0,28079024.0,-3.747347222222223,40.41935555555556,642.0,14.121140452121804,,
Casa de Campo,2005,0.8047382546631282,0.47009066843299346,1.0070092962834623,1.760949056367249,0.1283759208647774,33.3793718459604,50.2901653619496,1.0005430557221013,50.27877946454681,31.72860840775625,0.8964985772285284,8.427029382317738,1.3758931587236767,3.7512832195446797,28079024.0,28079024.0,-3.747347222222222,40.41935555555556,642.0,13.876434987022083,,
Casa de Campo,2006,0.6660224422038676,0.44499476483323325,0.9761716597537315,1.4431980414938868,0.12854417783822347,28.83335822697516,42.84437491017962,0.956918944128305,55.126596137175056,27.190502395338385,0.8744371487518136,8.61561423792513,1.3762384419470792,2.8495881092479345,28079024.0,28079024.0,-3.7473472222222224,40.41935555555556,642.0,13.444598757612164,,
Casa de Campo,2007,0.6557417642192147,0.3180221917132843,0.9670997455637182,1.4757193868788634,0.27641243240938623,35.00296168917772,50.188150745911294,0.9291233721073013,45.57142873714098,25.04636248451136,0.8600898505994327,7.35674445107119,1.4303702435625743,2.7660642691991537,28079024.0,28079024.0,-3.747347222222222,40.41935555555556,642.0,12.713315376465465,,
Casa de Campo,2008,0.5339429448852597,0.2962898146093809,0.8820504316270908,1.2777447605222672,0.2465896297330128,27.501257300130924,39.05777401480239,1.0382445546300998,54.55183991990137,21.48660915118023,0.938835226405045,8.712574249460868,1.398591040942603,2.0882944736057856,28079024.0,28079024.0,-3.7473472222222224,40.41935555555556,642.0,10.419189882919024,,
Casa de Campo,2009,0.625855623504336,0.40115990711512045,0.7764571887103632,1.1799264268961156,0.27934883689876033,32.882246173182516,44.372449018030075,0.9150035028032252,58.786326363584315,20.834488479014606,0.8940985513201165,7.988270143177198,1.3670041853260146,1.8027947184161084,28079024.0,28079024.0,-3.7473472222222224,40.41935555555556,642.0,9.953239801213671,,
Casa de Campo,2010,0.6000432941742282,0.23231574063861188,0.9512361699447373,0.8397035281823574,0.18539472115040886,29.67239007839393,38.77819570522537,0.9159383335516074,56.53827781406412,17.34921730622406,0.7980760095282646,9.329684593820764,1.3491929297147758,1.5656056771363849,28079024.0,28079024.0,-3.7473472222222224,40.41935555555556,642.0,9.097270804851,,
Casa de Campo,2011,0.7164809984679773,0.24524836974179806,1.0406576605589641,,0.12827796958807974,29.47544848966834,49.93000030517578,,47.12775774971078,19.585599907653695,,4.98616806339443,1.3345641130340935,1.8803204609602102,28079024.0,28079024.0,-3.747347222222222,40.41935555555556,642.0,10.14487676260792,12.617549098426553,
Casa de Campo,2012,0.615716927923606,0.24939295365108716,0.7832841002439658,,0.21616507095625928,23.278972451470416,,,47.533194057567314,20.063043226329818,,2.402692352326796,1.34600863964959,1.4962087659855845,28079024.0,28079024.0,-3.7473472222222224,40.41935555555556,642.0,10.063819911812486,10.486109496687202,
Casa de Campo,2013,0.5029848817934579,0.24023437954362148,0.7560481772254689,,0.25645842996331525,20.492735384967396,,,59.744729605866176,15.220783684692941,,2.143462331119762,1.3829717477283316,1.2123254913192307,28079024.0,28079024.0,-3.747347222222222,40.41935555555556,642.0,8.033012379642367,8.008580253975518,
Casa de Campo,2014,0.1610793051974595,0.23765815967406403,0.16189091079343446,,0.2522636028954887,20.461379072176815,,,59.284677419354836,15.867826688176999,,2.6795847750865054,1.347139059978356,0.6140617426062853,28079024.0,28079024.0,-3.747347222222222,40.41935555555556,642.0,8.520437535981577,7.929665016691608,
Casa de Campo,2015,0.23550935340479476,0.23559889653704055,0.17923497482345985,,0.09820337806970965,23.999769585253457,,,55.90341564735749,19.21497468049192,,2.5476217897040194,1.28379223648457,1.3882728992198883,28079024.0,28079024.0,-3.747347222222222,40.41935555555556,642.0,9.973763291724456,12.002073732718895,
Casa de Campo,2016,0.2782215041577442,0.29926233812685715,0.16054801120065193,,0.058972506718154516,21.445569620253163,,,55.33021914648212,16.73670738801629,,2.4825681739730756,1.2295456629624903,1.30198514374764,28079024.0,28079024.0,-3.747347222222222,40.41935555555556,642.0,9.123749709234707,9.005523590333716,
Casa de Campo,2017,0.3350984109949666,0.2455108041329754,0.17466901208251695,,0.09587853780183232,25.001045174776447,72.06295620437956,,58.00188323917138,19.604336675215666,,3.353283651606893,1.238621464064169,1.6122685730516673,28079024.0,28079024.0,-3.7473472222222224,40.41935555555556,642.0,10.292040554713903,9.870630588781792,1.2191761866637638
Casa de Campo,2018,0.42363508832983754,0.2252793339023876,0.1747446305690285,,0.055403770609221685,20.560013956734124,32.73866015352407,,54.40977312390925,12.345840707964602,,3.7408849557522124,1.1894308028107212,1.1495597076226012,28079024.0,28079024.0,-3.7473472222222224,40.41935555555556,642.0,6.947757255936676,7.940683879972086,1.134642488672688
Castellana,2010,,,,,,48.96251948987332,70.87589244032316,,,23.98633111042842,,,,,28079048.0,28079048.0,-3.690366666666667,40.43989722222222,676.0,9.419016365056192,,
Castellana,2011,,,,,,47.517093670387546,63.11000061035156,,,22.66342323904953,,,,,28079048.0,28079048.0,-3.690366666666667,40.43989722222222,676.0,10.405419051306069,21.292057971014493,
Castellana,2012,,,,,,39.09311602461819,,,,26.52300297550927,,,,,28079048.0,28079048.0,-3.690366666666667,40.43989722222222,676.0,11.900321174581325,18.910303168452245,
Castellana,2013,,,,,,36.44012870604459,,,,18.814857273873667,,,,,28079048.0,28079048.0,-3.690366666666667,40.43989722222222,676.0,8.823191733639495,16.495403355550447,
Castellana,2014,,,,,,39.612293956043956,,,,21.01322447102116,,,,,28079048.0,28079048.0,-3.690366666666667,40.43989722222222,676.0,9.829220023282888,15.911858974358974,
Castellana,2015,,,,,,38.72704286863579,,,,19.31227665706052,,,,,28079048.0,28079048.0,-3.690366666666667,40.43989722222222,676.0,11.0225509214355,19.17905987817492,
Castellana,2016,,,,,,37.71510101586577,,,,18.02195654672951,,,,,28079048.0,28079048.0,-3.690366666666667,40.43989722222222,676.0,10.067249109093,15.809610775025682,
Castellana,2017,,,,,,39.90609195402299,107.96050839763959,,,15.580027675276753,,,,,28079048.0,28079048.0,-3.690366666666667,40.43989722222222,676.0,8.785203964047016,17.897471264367816,
Castellana,2018,,,,,,42.0034758428919,65.95029544664581,,,9.849477351916377,,,,,28079048.0,28079048.0,-3.690366666666667,40.43989722222222,676.0,6.644846796657381,15.600625651720541,
Cuatro Caminos,2001,,1.4187907189493136,,,,61.64102331056711,129.85795786501802,,39.53711621678752,32.54837583866297,,26.84352047612949,,,28079038.0,28079038.0,-3.7071277777777785,40.44554444444445,698.0,,,
Cuatro Caminos,2002,,1.214905207599745,,,,57.99666323622585,112.64526270196839,,37.37335085112124,32.579835257522575,,16.523529483110966,,,28079038.0,28079038.0,-3.7071277777777785,40.44554444444445,698.0,,,
Cuatro Caminos,2003,,0.7738754198464166,,,,42.8241589246106,93.24492348518282,,43.018354033223574,35.083724295631434,,17.061349344579952,,,28079038.0,28079038.0,-3.7071277777777785,40.44554444444445,698.0,,,
Cuatro Caminos,2004,,0.6769048439088771,,,,59.81739483044753,122.4877015896628,,37.326737242372026,47.08374253846447,,15.12094559572913,,,28079038.0,28079038.0,-3.7071277777777785,40.44554444444445,698.0,25.178561569136733,,
Cuatro Caminos,2005,,0.6724685997161763,,,,73.22607840210547,126.21934767637673,,35.59076066321646,39.150271958895324,,14.26182617799176,,,28079038.0,28079038.0,-3.7071277777777785,40.44554444444445,698.0,20.207052867176152,,
Cuatro Caminos,2006,,0.7242478172636608,,,,69.53446067895511,112.75802645434051,,37.49775910938084,43.57168123685811,,13.583090270392436,,,28079038.0,28079038.0,-3.7071277777777785,40.44554444444445,698.0,17.615583121303292,,
Cuatro Caminos,2007,,0.5111837289838794,,,,64.76456661546433,109.51622895988858,,37.99035862744817,36.156921927295215,,12.674012353323995,,,28079038.0,28079038.0,-3.7071277777777785,40.44554444444445,698.0,17.767173138060357,,
Cuatro Caminos,2008,,0.3498472758011133,,,,55.634366001295525,92.66487709780225,,44.37475896859255,29.402331206035495,,13.26855338311505,,,28079038.0,28079038.0,-3.7071277777777785,40.44554444444445,698.0,14.046134400145204,,
Cuatro Caminos,2009,2.111124500303144,0.3352858285784639,2.240140561328595,,,49.433556099256094,80.94459338598881,,50.42213088795987,29.244799486585418,,11.02370729989002,,9.651767061417361,28079038.0,28079038.0,-3.7071277777777785,40.44554444444445,698.0,13.94835046750785,,
Cuatro Caminos,2010,0.785954706603795,,1.1191552691902324,,,54.02313471445771,84.71417653636985,,,26.263913385270456,,10.95857649911308,,4.852387873092717,28079038.0,28079038.0,-3.7071277777777785,40.44554444444445,698.0,13.797930405541623,,
Cuatro Caminos,2011,0.561154753711821,,0.8147883552707825,,,55.14099272748112,86.06999969482422,,,28.218676317366274,,6.202448319667398,,4.350245661252158,28079038.0,28079038.0,-3.7071277777777785,40.44554444444445,698.0,14.603006870904595,38.18205957053798,
Cuatro Caminos,2012,0.5314645737016866,,0.9604675400139502,,,43.56130355515041,,,,24.782405294386127,,4.173769371011851,,3.87545117827228,28079038.0,28079038.0,-3.7071277777777785,40.44554444444445,698.0,12.619674759505267,32.39459890610757,
Cuatro Caminos,2013,0.6829479800957131,,0.7657020523452499,,,43.2445993827866,,,,19.250429209110678,,4.112,,3.4698259865117462,28079038.0,28079038.0,-3.7071277777777785,40.44554444444445,698.0,10.813950829045169,28.461081266430448,
Cuatro Caminos,2014,0.6238438474890348,,0.5961686320076718,,,41.88083257090577,,,,17.700495334638866,,4.076773455377574,,3.091547259327735,28079038.0,28079038.0,-3.7071277777777785,40.44554444444445,698.0,11.721013654246702,27.340462031107045,
Cuatro Caminos,2015,0.54319533984111,,0.5758513957155577,,,44.96338804085849,,,,21.027876563037744,,5.133417460135368,,3.445424093757788,28079038.0,28079038.0,-3.7071277777777785,40.44554444444445,698.0,11.699635479951397,36.13267531275106,
Cuatro Caminos,2016,0.41499883087951267,,0.4040137921138677,,,42.53807569539444,,,,19.547531572904706,,3.716402598882936,,3.194912673142399,28079038.0,28079038.0,-3.7071277777777785,40.44554444444445,698.0,10.571067738231918,29.173506611947104,
Cuatro Caminos,2017,0.6490892146421281,,0.7103311780027514,,,45.825226050131626,144.5969133000454,,,18.28185151237397,,4.139867337602928,,2.9402526021404527,28079038.0,28079038.0,-3.7071277777777785,40.44554444444445,698.0,9.57871219065078,27.760672999885543,
Cuatro Caminos,2018,0.6554739465946791,,0.4791885328750462,,,43.71095652173913,79.51165217391305,,,10.57949790794979,,4.519819193324061,,1.9867086400697807,28079038.0,28079038.0,-3.7071277777777785,40.44554444444445,698.0,7.214708957825026,23.344,
El Pardo,2009,,,,,0.24382456083569606,26.554945930596944,43.5968243218757,,37.21026796010048,,,,1.3975945925390398,,28079058.0,28079058.0,-3.7746111111111116,40.51805833333333,615.0,,,
El Pardo,2010,,,,,0.2515765866221861,21.77914749140979,29.96847006076669,,56.530009284251065,,,,1.4789582637722387,,28079058.0,28079058.0,-3.7746111111111107,40.51805833333333,615.0,,,
El Pardo,2011,,,,,0.29427473095713985,22.910212864317533,33.869998931884766,,49.73961065808681,,,,1.5840521016907796,,28079058.0,28079058.0,-3.7746111111111107,40.51805833333333,615.0,,9.192178641675344,
El Pardo,2012,,,,,0.3786609870627096,18.819159894700697,,,47.32017393294427,,,,1.7212233711725609,,28079058.0,28079058.0,-3.774611111111111,40.51805833333333,615.0,,8.001373626373626,
El Pardo,2013,,,,,,18.465353338678273,,,55.34603501544799,,,,,,28079058.0,28079058.0,-3.7746111111111107,40.51805833333333,615.0,,3.5627075936318864,
El Pardo,2014,,,,,,12.76774488512973,,,55.45615842490842,,,,,,28079058.0,28079058.0,-3.7746111111111107,40.51805833333333,615.0,,2.320950965824666,
El Pardo,2015,,,,,,18.092035804452603,,,57.695437306056775,,,,,,28079058.0,28079058.0,-3.7746111111111107,40.51805833333333,615.0,,5.558756024787698,
El Pardo,2016,,,,,,17.972404277337013,,,57.431066604564506,,,,,,28079058.0,28079058.0,-3.774611111111111,40.51805833333333,615.0,,5.728642060480626,
El Pardo,2017,,,,,,18.217655140828946,42.744439400817065,,52.75659252465031,,,,,,28079058.0,28079058.0,-3.7746111111111107,40.51805833333333,615.0,,6.098809251202199,
El Pardo,2018,,,,,,14.567351200835363,22.459101983988862,,52.363699582753824,,,,,,28079058.0,28079058.0,-3.774611111111111,40.51805833333333,615.0,,5.114514444831187,
Ensanche de Vallecas,2009,,,,,,51.21063753808162,87.48139441155817,,38.05796812682513,,,,,,28079054.0,28079054.0,-3.612116666666666,40.372933333333336,627.0,,,
Ensanche de Vallecas,2010,,,,,,41.396376254374616,62.475114672644864,,51.848839004784395,,,,,,28079054.0,28079054.0,-3.612116666666666,40.372933333333336,627.0,,,
Ensanche de Vallecas,2011,,,,,,39.54386712475194,74.79000091552734,,52.420165790073284,,,,,,28079054.0,28079054.0,-3.612116666666666,40.372933333333336,627.0,,29.82972384553684,
Ensanche de Vallecas,2012,,,,,,31.225456621004565,,,43.60203265958662,,,,,,28079054.0,28079054.0,-3.612116666666666,40.372933333333336,627.0,,25.9925799086758,
Ensanche de Vallecas,2013,,,,,,25.57993119266055,,,53.42095588235294,,,,,,28079054.0,28079054.0,-3.612116666666666,40.372933333333336,627.0,,21.857454128440367,
Ensanche de Vallecas,2014,,,,,,31.65136876006441,,,56.12891986062718,,,,,,28079054.0,28079054.0,-3.612116666666666,40.372933333333336,627.0,,17.579595123073386,
Ensanche de Vallecas,2015,,,,,,44.22955326460481,,,55.762614678899084,,,,,,28079054.0,28079054.0,-3.612116666666666,40.372933333333336,627.0,,26.118671248568155,
Ensanche de Vallecas,2016,,,,,,36.208891944539936,,,51.05797101449275,,,,,,28079054.0,28079054.0,-3.612116666666666,40.372933333333336,627.0,,24.134295863412397,
Ensanche de Vallecas,2017,,,,,,39.757384932447906,132.3730122671513,,50.03536571362958,,,,,,28079054.0,28079054.0,-3.612116666666666,40.372933333333336,627.0,,25.74341653308908,
Ensanche de Vallecas,2018,,,,,,37.86206896551724,68.20968303726924,,44.10445682451253,,,,,,28079054.0,28079054.0,-3.612116666666666,40.372933333333336,627.0,,19.79171020550331,
Escuelas Aguirre,2001,4.877650082600194,1.0579651406744985,3.708892337977886,,,74.07762228349411,158.7408735161136,,26.591568285331984,39.07787103642166,,14.590616436987187,,15.027989728051283,28079008.0,28079008.0,-3.6823194444444445,40.42156388888888,670.0,,,
Escuelas Aguirre,2002,,1.1679019589342323,,,0.31880157231947875,74.66278431088317,194.0826471384834,,13.106523034977384,35.46083332744299,,18.410666627042435,1.5763752465749301,,28079008.0,28079008.0,-3.682319444444445,40.42156388888888,670.0,,,
Escuelas Aguirre,2003,1.1958679671893557,0.7949690996490386,1.6754045606388375,,0.13230539949839945,74.62626916632605,147.32925154672222,,30.54475236473085,33.03664185106413,,15.562306187890805,1.4353421970093234,9.399327194218262,28079008.0,28079008.0,-3.682319444444445,40.42156388888888,670.0,,,
Escuelas Aguirre,2004,1.0960326348576859,0.7312604174543589,1.6577509884914956,,0.12040156476905159,76.47974700774884,149.60026904468066,,28.665820838498888,32.61251260172977,,13.97862455916904,1.4517579371348757,9.285048380415956,28079008.0,28079008.0,-3.682319444444445,40.42156388888888,670.0,,,
Escuelas Aguirre,2005,0.42596795915153823,0.6172607638235114,0.9738095819191039,,0.17703514064000886,76.74217480935843,139.78132867020506,,29.579618635253574,32.90484906261266,,13.293280214845494,1.5389850181010996,3.841597666146476,28079008.0,28079008.0,-3.682319444444445,40.42156388888888,670.0,,,
Escuelas Aguirre,2006,0.31552223397324813,0.5361409927190756,0.7734949655779988,,0.234169377012959,72.09141434150936,131.80533322575874,,30.382188099703807,41.11491601039131,,12.115443512819528,1.474968632911661,4.662248431613819,28079008.0,28079008.0,-3.682319444444445,40.42156388888888,670.0,,,
Escuelas Aguirre,2007,0.6206456185463363,0.531078361842716,1.1341931679697423,,0.25014496160760014,68.42645979539734,125.47205706422449,,28.825034772197967,34.88895339391266,,13.11314452633375,1.4204726785585255,6.566428914176029,28079008.0,28079008.0,-3.682319444444445,40.42156388888888,670.0,,,
Escuelas Aguirre,2008,0.5274404405964972,0.4573870213428212,1.1116248929071708,,0.21052607026476497,63.29520202340923,105.03609731502979,,32.33178847465506,27.257879180189978,,12.40799165700399,1.3798121997749153,5.6934757091167905,28079008.0,28079008.0,-3.682319444444445,40.42156388888888,670.0,,,
Escuelas Aguirre,2009,0.5411895059122984,0.4223279208711566,1.1118642889971748,,0.17581518005786428,54.24038063810113,93.52923894887667,,40.289129592428,28.17121094634926,,11.974963377531074,1.421405641290743,5.442725672247559,28079008.0,28079008.0,-3.682319444444445,40.42156388888888,670.0,15.585184697368488,,
Escuelas Aguirre,2010,0.8802482756595502,0.4078889396648551,2.3410050663492346,,0.16241849692635277,54.36305460927129,89.23381226830442,,38.84958709419724,27.24289589498426,,10.16676545165036,1.3980483283802516,4.549636512977571,28079008.0,28079008.0,-3.682319444444445,40.42156388888888,670.0,13.493089738452927,,
Escuelas Aguirre,2011,1.1034682836353504,0.31423842300987337,1.938206990221194,,0.2089291469311615,60.21022936802078,93.33999633789062,,35.69851005171853,30.28271254590329,,7.0163134276530865,1.4036178511798718,5.247834419046952,28079008.0,28079008.0,-3.682319444444445,40.42156388888888,670.0,14.745717334498549,35.47959418953194,
Escuelas Aguirre,2012,1.127239151944648,0.3446901194014655,1.4799491510933485,,0.2180699442123981,51.251461988304094,,,35.7498853736818,25.549318364073777,,6.099185873179681,1.3661332868656597,5.056696841494978,28079008.0,28079008.0,-3.682319444444445,40.42156388888888,670.0,14.043473273686626,34.68925581928678,
Escuelas Aguirre,2013,0.5219825038457109,0.34206603358407905,0.8110178646458137,,,42.59366130558183,,,41.137347687211644,22.143668639053253,,6.365691961643187,,2.3000240316859566,28079008.0,28079008.0,-3.682319444444445,40.42156388888888,670.0,11.615101507776327,29.149479659413434,
Escuelas Aguirre,2014,0.6792137519510817,0.3982347610941629,0.4934511230870186,,0.1888846153295957,51.294341362221964,,,41.28676301904107,23.63068247209115,,7.129965556831229,1.4068569244604845,3.9947387130710523,28079008.0,28079008.0,-3.682319444444445,40.42156388888888,670.0,11.806896551724138,31.76374322922669,
Escuelas Aguirre,2015,0.7776112437780415,0.5333294915674025,0.6275866147478538,,0.16147753574198254,58.14315400600323,,,40.205525372789275,24.840305522914218,,12.365000577167264,1.5750289500284218,4.1522868912432696,28079008.0,28079008.0,-3.682319444444445,40.42156388888888,670.0,13.471755912265653,35.39563611175248,
Escuelas Aguirre,2016,0.7956506724434552,0.39981735845236743,0.4398106502380014,,0.14393354634294755,57.11177142857143,,,41.22337632690332,21.863896520146522,,12.660954992003655,1.5777003871275699,2.938570269108226,28079008.0,28079008.0,-3.682319444444445,40.42156388888888,670.0,11.302277669680668,32.765257142857145,
Escuelas Aguirre,2017,0.8520060509975281,0.4116148345311788,0.5012212186084706,,0.1360772146804742,61.87214244686962,166.7414811449341,,41.28481894150418,19.38299099930764,,8.329800714203433,1.584982190449375,3.389044290275632,28079008.0,28079008.0,-3.682319444444445,40.42156388888888,670.0,10.551020408163266,33.65732337736933,1.4237267302752514
Escuelas Aguirre,2018,0.8173007924973494,0.3951253556233927,0.3480617415563759,,0.05506247737681337,57.29536746778126,103.69313827934518,,38.29926752703174,11.115411436541144,,4.298319327731092,1.5097608004072571,2.186288587080431,28079008.0,28079008.0,-3.682319444444445,40.42156388888888,670.0,7.383891213389122,30.24904214559387,1.4553266615579912
Farolillo,2001,,0.9360931316347381,,,0.2654653315839499,54.39152543618215,122.71080923151236,,32.53200072564651,39.84123894215166,,16.184466833916876,1.531480657433332,,28079018.0,28079018.0,-3.7318527777777777,40.39478055555556,630.0,,,
Farolillo,2002,,0.5998177552143288,,,0.22904240033125767,59.12809218893388,92.74039582545473,,42.289540522129265,33.19549561592693,,7.85610887157931,1.5411504875798179,,28079018.0,28079018.0,-3.7318527777777777,40.39478055555556,630.0,,,
Farolillo,2003,,0.5180187489110408,,,0.17799816863721982,43.51589297291454,69.27096614509432,,42.20421972781219,32.33390638827459,,11.272064074198768,1.4976193209432336,,28079018.0,28079018.0,-3.7318527777777777,40.39478055555556,630.0,,,
Farolillo,2004,,0.49842912714287746,,,0.28302295529463967,47.479774088173286,80.76064915885345,,39.02977296825861,30.964745847233832,,7.886263452790905,1.543578840893124,,28079018.0,28079018.0,-3.7318527777777777,40.39478055555556,630.0,,,
Farolillo,2005,,0.8359074768380267,,,,51.829308370701376,83.82492614780712,,38.408171159239636,31.922558730747113,,12.745412807045257,,,28079018.0,28079018.0,-3.7318527777777777,40.39478055555556,630.0,,,
Farolillo,2006,,0.6593974104108666,,,,52.9722942836958,85.73026631240468,,40.668568170449575,34.76218877818314,,9.89201145960703,,,28079018.0,28079018.0,-3.7318527777777777,40.39478055555556,630.0,,,
Farolillo,2007,,0.454705881954314,,,,45.52358049483186,76.25164743560961,,37.374258247862535,26.875068108918423,,8.966895568632339,,,28079018.0,28079018.0,-3.7318527777777777,40.39478055555556,630.0,,,
Farolillo,2008,,0.38689002817088036,,,,43.08460914643113,66.90907135842166,,42.12478395783769,24.099916812415817,,9.118519655394758,,,28079018.0,28079018.0,-3.7318527777777777,40.39478055555556,630.0,,,
Farolillo,2009,2.231383929406071,0.33505346668363506,1.8151488107895213,,,43.59571856689278,67.24217060078804,,48.97189950611285,23.099319213599095,,11.97566417198609,,7.170238102475802,28079018.0,28079018.0,-3.7318527777777777,40.39478055555556,630.0,,,
Farolillo,2010,0.6585165485972485,0.3501921094830476,0.5916844054751447,,,42.10390500061568,65.00014078738558,,48.74636500644875,20.67001030796967,,8.028927345492276,,2.5987184536627153,28079018.0,28079018.0,-3.7318527777777777,40.39478055555556,630.0,,,
Farolillo,2011,0.31268188491398063,0.45085780276937665,0.3836542780285237,,,40.32928579636454,95.51000213623048,,42.98451627642002,23.62192673161839,,5.87706790125201,,2.2370124438939807,28079018.0,28079018.0,-3.7318527777777777,40.39478055555556,630.0,,26.116862203818727,
Farolillo,2012,0.37042416235000075,0.4292469016127004,0.8002190466713378,,,35.327977207977206,,,37.93069645503249,24.605773619351893,,2.943697287440164,,2.265190240568276,28079018.0,28079018.0,-3.7318527777777777,40.39478055555556,630.0,,21.627920227920228,
Farolillo,2013,0.32928885150502113,0.3242850665320959,0.7837394628519342,,,33.42385699553111,,,48.84113540116745,18.63200091627534,,3.9793506940461167,,1.6898202925574952,28079018.0,28079018.0,-3.7318527777777777,40.39478055555556,630.0,,16.290707001260458,
Farolillo,2014,0.3310806090996731,0.5043907592059885,0.2207414382891244,,,33.10124810451417,,,54.23898127689266,18.574433468913423,,4.510687732342007,,1.7361071785002582,28079018.0,28079018.0,-3.7318527777777777,40.39478055555556,630.0,,16.707453633500524,
Farolillo,2015,0.434932467849985,0.2743181334033612,0.23255841369766775,,,40.10979807251032,,,46.903625516291875,22.321473660048206,,3.4213483146067416,,2.1110072491486362,28079018.0,28079018.0,-3.7318527777777777,40.39478055555556,630.0,,24.740362551629186,
Farolillo,2016,0.3072845146214506,0.35615894730948017,0.1804691571771264,,,38.53591226801639,,,49.65626506024096,17.84307692307692,,5.263279165656075,,1.5124513140580416,28079018.0,28079018.0,-3.7318527777777777,40.39478055555556,630.0,,18.835623041696795,
Farolillo,2017,0.48044189264110715,0.41739828622102054,0.3045092177075929,,,41.9256416131989,128.51797906235777,,46.52223750573132,23.63466420493884,,5.513473225547529,,2.7924478808805,28079018.0,28079018.0,-3.7318527777777777,40.39478055555556,630.0,,22.02795600366636,
Farolillo,2018,0.436526736644891,0.2903648654656802,0.3165111306089338,,,36.12291888062345,65.42862203329791,,45.63185840707965,13.731603270529684,,4.886291179596174,,1.6554000751574192,28079018.0,28079018.0,-3.7318527777777777,40.39478055555556,630.0,,19.119376549769747,
Juan Carlos I,2009,,,,,,33.888883408482556,50.31002488266446,,31.250521048126977,,,,,,28079059.0,28079059.0,-3.6090722222222222,40.46525000000001,660.0,,,
Juan Carlos I,2010,,,,,,27.16730918950945,39.78093169922952,,57.72785528699398,,,,,,28079059.0,28079059.0,-3.6090722222222222,40.46525000000001,660.0,,,
Juan Carlos I,2011,,,,,,28.428458589892145,47.84000015258789,,57.084031694225985,,,,,,28079059.0,28079059.0,-3.6090722222222222,40.46525000000001,660.0,,14.801603905160391,
Juan Carlos I,2012,,,,,,22.443936449879985,,,48.75111568829386,,,,,,28079059.0,28079059.0,-3.6090722222222222,40.46525000000001,660.0,,12.086981369299348,
Juan Carlos I,2013,,,,,,18.959787994008526,,,53.93598157743236,,,,,,28079059.0,28079059.0,-3.6090722222222222,40.46525000000001,660.0,,9.078119599032146,
Juan Carlos I,2014,,,,,,20.36815009724288,,,54.188143739986266,,,,,,28079059.0,28079059.0,-3.6090722222222222,40.46525000000001,660.0,,9.945315181329367,
Juan Carlos I,2015,,,,,,23.36529209621993,,,59.007006662072136,,,,,,28079059.0,28079059.0,-3.6090722222222222,40.46525000000001,660.0,,14.156471935853379,
Juan Carlos I,2016,,,,,,20.70005711022273,,,55.92275168552165,,,,,,28079059.0,28079059.0,-3.6090722222222222,40.46525000000001,660.0,,13.22592804111936,
Juan Carlos I,2017,,,,,,28.83177137567974,81.22479564032697,,54.51213899436198,,,,,,28079059.0,28079059.0,-3.6090722222222222,40.46525000000001,660.0,,12.67765822052528,
Juan Carlos I,2018,,,,,,27.183304347826088,45.86817391304348,,49.88803894297636,,,,,,28079059.0,28079059.0,-3.6090722222222222,40.46525000000001,660.0,,12.223652173913043,
Mendez Alvaro,2009,,,,,,51.14098867989312,82.21212940071018,,,13.748669178766896,,,,,28079047.0,28079047.0,-3.686825,40.398113888888886,599.0,10.111977176521215,,
Mendez Alvaro,2010,,,,,,47.16450789906331,68.39375888443777,,,22.96351501341207,,,,,28079047.0,28079047.0,-3.686825,40.398113888888886,599.0,12.076598571730996,,
Mendez Alvaro,2011,,,,,,47.548819627339704,122.9000015258789,,,25.29286989351066,,,,,28079047.0,28079047.0,-3.686825,40.398113888888886,599.0,12.819741122583343,26.498627316403567,
Mendez Alvaro,2012,,,,,,39.254653420121045,,,,24.2621492128679,,,,,28079047.0,28079047.0,-3.686825,40.398113888888886,599.0,12.49690082644628,24.773666780861024,
Mendez Alvaro,2013,,,,,,32.0462962962963,,,,18.456389684813754,,,,,28079047.0,28079047.0,-3.686825,40.398113888888886,599.0,9.88443072702332,20.494855967078188,
Mendez Alvaro,2014,,,,,,32.595861438207386,,,,19.20266238237319,,,,,28079047.0,28079047.0,-3.686825,40.398113888888886,599.0,10.77076411960133,19.68149079684463,
Mendez Alvaro,2015,,,,,,39.21353746978243,,,,20.683162619403845,,,,,28079047.0,28079047.0,-3.686825,40.398113888888886,599.0,11.922609110422131,28.117762173362497,
Mendez Alvaro,2016,,,,,,38.3853703069725,,,,18.989967712177123,,,,,28079047.0,28079047.0,-3.686825,40.398113888888886,599.0,11.215125662900622,22.716535433070867,
Mendez Alvaro,2017,,,,,,43.405105311355314,142.15880217785843,,,18.528554913294798,,,,,28079047.0,28079047.0,-3.686825,40.398113888888886,599.0,11.528426161312687,25.434981684981686,
Mendez Alvaro,2018,,,,,,37.781565217391304,67.21495652173913,,,12.079003558718862,,,,,28079047.0,28079047.0,-3.686825,40.398113888888886,599.0,8.111743772241994,19.20486956521739,
Moratalaz,2001,,0.7046519593290022,,,,58.202765709631784,103.00013145637512,,36.669277060611876,31.00899658588441,,14.826731817930542,,,28079036.0,28079036.0,-3.6453055555555554,40.40794722222222,685.0,,,
Moratalaz,2002,,0.6580625991755107,,,,53.303786154217164,93.17188623511804,,31.38126869679886,30.9809592965877,,13.087135502799555,,,28079036.0,28079036.0,-3.6453055555555554,40.40794722222222,685.0,,,
Moratalaz,2003,,0.6227292878277243,,,,50.31247024658541,87.7925064136434,,35.92034401943663,31.635957699948676,,12.063803963761346,,,28079036.0,28079036.0,-3.6453055555555554,40.40794722222222,685.0,,,
Moratalaz,2004,,0.613561298635133,,,,51.714998850272295,91.54823831655985,,36.00733899332475,28.944394627960165,,11.177201191975135,,,28079036.0,28079036.0,-3.6453055555555554,40.40794722222222,685.0,,,
Moratalaz,2005,,0.5370867886132217,,,,59.34917308132216,95.22985978546724,,39.31878746268734,32.76817597334631,,11.429259434716611,,,28079036.0,28079036.0,-3.6453055555555554,40.40794722222222,685.0,,,
Moratalaz,2006,,0.466260377910483,,,,57.95931464256926,91.89217375025447,,39.06365729499522,33.34026217526714,,12.362225042597226,,,28079036.0,28079036.0,-3.6453055555555554,40.40794722222222,685.0,,,
Moratalaz,2007,,0.4621903564528966,,,,47.994612654241166,84.30984776949552,,34.3342592421116,28.927862044576376,,11.753221719196864,,,28079036.0,28079036.0,-3.6453055555555554,40.40794722222222,685.0,,,
Moratalaz,2008,,0.3990179994066095,,,,47.0247288694222,74.6701527303018,,34.96083629841272,25.309785725982362,,13.103189791384876,,,28079036.0,28079036.0,-3.6453055555555554,40.40794722222222,685.0,,,
Moratalaz,2009,,0.3727461729715315,,,,53.01416657990687,87.67407621111018,,40.11237004642493,23.670929872311493,,13.048759142485135,,,28079036.0,28079036.0,-3.6453055555555554,40.40794722222222,685.0,,,
Moratalaz,2010,,0.3624443173051084,,,,49.364478996003726,79.55069770254505,,,22.42589735622323,,11.150534438776537,,,28079036.0,28079036.0,-3.6453055555555554,40.40794722222222,685.0,,,
Moratalaz,2011,,0.3519526482006828,,,,47.82671121758959,87.91000366210938,,,22.674877156939946,,9.396894225289032,,,28079036.0,28079036.0,-3.6453055555555554,40.40794722222222,685.0,,28.318405118245174,
Moratalaz,2012,,0.34448248887751093,,,,40.79632378125357,,,,23.495371957490573,,7.439534087016101,,,28079036.0,28079036.0,-3.6453055555555554,40.40794722222222,685.0,,24.64470830003425,
Moratalaz,2013,,0.3306409285727139,,,,32.25174345489882,,,,18.593307446322523,,4.579380500628643,,,28079036.0,28079036.0,-3.6453055555555554,40.40794722222222,685.0,,18.805419000800274,
Moratalaz,2014,,0.3199450790256327,,,,34.681969089868346,,,,22.19302887380651,,4.086996336996337,,,28079036.0,28079036.0,-3.6453055555555554,40.40794722222222,685.0,,17.657469948483115,
Moratalaz,2015,,0.3258972928254713,,,,41.07914659325533,,,,23.330725871390776,,10.148003671408903,,,28079036.0,28079036.0,-3.6453055555555554,40.40794722222222,685.0,,23.342968570773113,
Moratalaz,2016,,0.2912926880279329,,,,37.911170601119494,,,,20.3669873797326,,7.664028251339503,,,28079036.0,28079036.0,-3.6453055555555554,40.40794722222222,685.0,,17.781698710148454,
Moratalaz,2017,,0.3094028876465836,,,,43.34642775097634,117.2546527462551,,,24.006427177780328,,10.270512525856125,,,28079036.0,28079036.0,-3.6453055555555554,40.40794722222222,685.0,,21.511486331265793,
Moratalaz,2018,,0.34881451085854104,,,,41.0,73.3049546406141,,,16.471604938271604,,12.323313526738902,,,28079036.0,28079036.0,-3.6453055555555554,40.40794722222222,685.0,,21.05059316120028,
Parque del Retiro,2010,,,,,,35.49150543241485,48.85696741991354,,49.20606926237192,,,,,,28079049.0,28079049.0,-3.682583333333333,40.41444444444444,662.0,,,
Parque del Retiro,2011,,,,,,36.633564322086116,82.44999694824219,,43.152765519580555,,,,,,28079049.0,28079049.0,-3.682583333333333,40.41444444444444,662.0,,16.276220976781424,
Parque del Retiro,2012,,,,,,32.07641347801256,,,40.24431233565794,,,,,,28079049.0,28079049.0,-3.682583333333333,40.41444444444444,662.0,,14.62227298686465,
Parque del Retiro,2013,,,,,,28.473209185422142,,,50.134184201448775,,,,,,28079049.0,28079049.0,-3.682583333333333,40.41444444444444,662.0,,11.439277961841654,
Parque del Retiro,2014,,,,,,24.1257162502865,,,47.27857796067673,,,,,,28079049.0,28079049.0,-3.682583333333333,40.41444444444444,662.0,,14.170754068301628,
Parque del Retiro,2015,,,,,,34.40127020785219,,,48.43287010451361,,,,,,28079049.0,28079049.0,-3.682583333333333,40.41444444444444,662.0,,14.803348729792148,
Parque del Retiro,2016,,,,,,32.00733188223164,,,47.915502633386765,,,,,,28079049.0,28079049.0,-3.682583333333333,40.41444444444444,662.0,,11.804101271623324,
Parque del Retiro,2017,,,,,,31.966060745513115,87.70916515426497,,45.95721802791123,,,,,,28079049.0,28079049.0,-3.682583333333333,40.41444444444444,662.0,,12.844569719282099,
Parque del Retiro,2018,,,,,,32.209245742092456,48.341675356273896,,45.5255652173913,,,,,,28079049.0,28079049.0,-3.6825833333333335,40.41444444444444,662.0,,10.53910323253389,
Plaza Castilla,2010,,,,,,53.254472904405574,85.79695479696996,,,23.00944469723047,,,,,28079050.0,28079050.0,-3.688769444444445,40.46557222222223,728.0,13.135006434973413,,
Plaza Castilla,2011,,,,,,51.55905079299131,62.90999984741211,,,23.445303203639504,,,,,28079050.0,28079050.0,-3.688769444444445,40.46557222222223,728.0,10.898643330997528,33.42101632559209,
Plaza Castilla,2012,,,,,,47.467902506007555,,,,24.299782185028086,,,,,28079050.0,28079050.0,-3.688769444444445,40.46557222222223,728.0,9.745788137549042,29.464126330243737,
Plaza Castilla,2013,,,,,,42.50051789619059,,,,19.90293948126801,,,,,28079050.0,28079050.0,-3.688769444444445,40.46557222222223,728.0,10.508342989571263,26.055357348371505,
Plaza Castilla,2014,,,,,,43.93960577584231,,,,20.325425297997917,,,,,28079050.0,28079050.0,-3.688769444444445,40.46557222222223,728.0,11.063291139240507,26.86603254641302,
Plaza Castilla,2015,,,,,,46.748078266946195,,,,19.708223510806537,,,,,28079050.0,28079050.0,-3.688769444444445,40.46557222222223,728.0,10.747119977521775,30.526088982063825,
Plaza Castilla,2016,,,,,,43.45269884742668,,,,18.47718936267767,,,,,28079050.0,28079050.0,-3.688769444444445,40.46557222222223,728.0,10.019435234937692,29.37156225037088,
Plaza Castilla,2017,,,,,,41.10168907273354,103.69133000453927,,,13.856110154905336,,,,,28079050.0,28079050.0,-3.688769444444445,40.46557222222223,728.0,8.980365139510852,23.12306101344364,
Plaza Castilla,2018,,,,,,44.194123819517316,92.55543896467296,,,9.102356665494197,,,,,28079050.0,28079050.0,-3.688769444444445,40.46557222222223,728.0,6.955344585091421,31.54704442112627,
Pza. Fernández Ladreda,2010,,0.4080309350982861,,,,67.87432161179576,113.29133946341787,,40.58537347036301,,,,,,28079056.0,28079056.0,-3.7187277777777785,40.38496388888889,604.0,,,
Pza. Fernández Ladreda,2011,,0.4660755604972061,,,,63.08447076521103,144.60000610351562,,36.98559754968406,,,,,,28079056.0,28079056.0,-3.7187277777777785,40.38496388888889,604.0,,56.403097191725415,
Pza. Fernández Ladreda,2012,,0.45668572078262054,,,,57.491581720306954,,,31.18967490842491,,,,,,28079056.0,28079056.0,-3.7187277777777785,40.38496388888889,604.0,,53.54598556866338,
Pza. Fernández Ladreda,2013,,0.3607624143921504,,,,53.69298952457695,,,41.22856154910097,,,,,,28079056.0,28079056.0,-3.7187277777777785,40.38496388888889,604.0,,42.934730056406124,
Pza. Fernández Ladreda,2014,,0.49837427535775114,,,,52.94164518397,,,42.40241048443716,,,,,,28079056.0,28079056.0,-3.7187277777777785,40.38496388888889,604.0,,37.99367236934614,
Pza. Fernández Ladreda,2015,,0.4154031479634855,,,,57.61477572559367,,,44.71069327488753,,,,,,28079056.0,28079056.0,-3.7187277777777785,40.38496388888889,604.0,,54.71377767580589,
Pza. Fernández Ladreda,2016,,0.40451488482657866,,,,55.61619276007765,,,44.460219478738,,,,,,28079056.0,28079056.0,-3.7187277777777785,40.38496388888889,604.0,,42.32237067488866,
Pza. Fernández Ladreda,2017,,0.3785467977704303,,,,59.1688132474701,216.79355716878402,,43.02720385674931,,,,,,28079056.0,28079056.0,-3.7187277777777785,40.38496388888889,604.0,,46.40064397424103,
Pza. Fernández Ladreda,2018,,0.35237593005782736,,,,53.720042046250875,116.41310441485635,,39.09572230014025,18.324020319303337,,,,,28079056.0,28079056.0,-3.718727777777778,40.38496388888889,604.0,10.608695652173912,40.881219341275404,
Pza. de España,2001,,0.9397132735514725,,,,70.6810840647706,150.4376000759943,,29.38350399163025,33.61772597667054,,16.29230778870767,,,28079004.0,28079004.0,-3.712247222222224,40.423852777777775,635.0,,,
Pza. de España,2002,,0.6720774763274086,,,,72.89301840787505,134.14855596349946,,32.63557165955762,29.32910048425484,,11.047950414239537,,,28079004.0,28079004.0,-3.712247222222224,40.423852777777775,635.0,,,
Pza. de España,2003,,0.6514177904842328,,,,54.40259324367028,113.00241480815113,,37.20508286882649,31.317680408837187,,11.228922571045684,,,28079004.0,28079004.0,-3.712247222222224,40.423852777777775,635.0,,,
Pza. de España,2004,,0.6857936859850015,,,,54.88139806533118,119.47654594375636,,29.724056084987158,26.31695927251704,,11.181239129449464,,,28079004.0,28079004.0,-3.712247222222224,40.423852777777775,635.0,,,
Pza. de España,2005,,0.6342191993091133,,,,63.198134677380935,129.7092238432487,,30.20811135831958,28.028087862640447,,11.51922323940893,,,28079004.0,28079004.0,-3.712247222222224,40.423852777777775,635.0,,,
Pza. de España,2006,,0.5486475640253556,,,,61.3020895738963,122.74186802841082,,33.56667123648181,31.481674896047966,,11.524323698032454,,,28079004.0,28079004.0,-3.712247222222224,40.423852777777775,635.0,,,
Pza. de España,2007,,0.5388176828207478,,,,61.98805189312485,114.66615172561387,,35.777948347326415,35.73047253207502,,12.70102947002355,,,28079004.0,28079004.0,-3.712247222222224,40.423852777777775,635.0,,,
Pza. de España,2008,,0.47018594554018384,,,,54.53774445028354,104.50260922284515,,42.04118474896301,22.840198119599723,,12.171750137755616,,,28079004.0,28079004.0,-3.712247222222224,40.423852777777775,635.0,,,
Pza. de España,2009,,0.4424971254440965,,,,52.9946022104137,94.42473324100624,,46.540694573902954,27.160955712706336,,13.235569099142076,,,28079004.0,28079004.0,-3.712247222222224,40.423852777777775,635.0,,,
Pza. de España,2010,,0.42702056340831923,,,,49.11181996688712,86.88095448774473,,,,,10.53559371200872,,,28079004.0,28079004.0,-3.712247222222224,40.423852777777775,635.0,,,
Pza. de España,2011,,0.4405860154684462,,,,50.92062320986732,92.83999633789062,,,,,7.032465345385094,,,28079004.0,28079004.0,-3.712247222222224,40.423852777777775,635.0,,48.15171307436691,
Pza. de España,2012,,0.3946901692278757,,,,46.3091804029304,,,,,,4.086986379764221,,,28079004.0,28079004.0,-3.712247222222224,40.423852777777775,635.0,,42.331387362637365,
Pza. de España,2013,,0.37689216234978484,,,,45.685426675817894,,,,,,4.620050354772259,,,28079004.0,28079004.0,-3.712247222222224,40.423852777777775,635.0,,36.52871196522535,
Pza. de España,2014,,0.35239131001828056,,,,37.936355311355314,,,,,,5.026336883087141,,,28079004.0,28079004.0,-3.712247222222224,40.423852777777775,635.0,,35.97893772893773,
Pza. de España,2015,,0.3943122050373839,,,,50.8826091940846,,,,,,7.65277618775043,,,28079004.0,28079004.0,-3.712247222222224,40.423852777777775,635.0,,45.40364553479308,
Pza. de España,2016,,0.37557130403496614,,,,45.63646736649932,,,,,,7.495669022110782,,,28079004.0,28079004.0,-3.712247222222224,40.423852777777775,635.0,,36.52110908261068,
Pza. de España,2017,,0.4466299930103174,,,,49.432893982808025,170.2616992276238,,,,,5.244790474009617,,,28079004.0,28079004.0,-3.712247222222224,40.423852777777775,635.0,,38.97776504297994,
Pza. de España,2018,,0.4316429391311829,,,,40.45359749739312,80.73340285019117,,,,,2.5356273896419883,,,28079004.0,28079004.0,-3.712247222222224,40.423852777777775,635.0,,26.264859228362877,
Pza. del Carmen,2001,2.97160887270122,0.945758371725159,3.0882002791941137,7.313062259326531,0.1695010870000698,77.45861686791358,174.84628941214788,3.358876064897515,27.751047981316702,34.346637306770496,3.144331231756774,13.883271595551124,1.4474402112673808,16.342256221021014,28079035.0,28079035.0,-3.7031722222222223,40.41920833333333,659.0,,,
Pza. del Carmen,2002,2.621642649255793,0.8720314285247223,3.1823394807864926,7.85402727267206,0.13324769582161633,68.49556636317759,147.53663957585536,3.3186718364490075,26.57921498132741,33.276455206609555,3.479184203036414,13.728566185983395,1.3435172816026046,14.687601686820043,28079035.0,28079035.0,-3.7031722222222223,40.41920833333333,659.0,,,
Pza. del Carmen,2003,2.0680871075462726,0.7828841520087257,2.666546911879579,6.20761163017431,0.13362426876556924,67.33811931610107,137.7809649689062,2.3053367343678652,29.427043177388025,35.42443489016182,2.622226353281948,11.971996782022627,1.4348275067813074,11.243252701337344,28079035.0,28079035.0,-3.7031722222222223,40.41920833333333,659.0,,,
Pza. del Carmen,2004,2.1912079993961577,0.6945039491510178,2.8967444074479194,6.1924081550627195,0.16403554204197693,69.4759554820426,138.06374320509758,3.32162683554103,25.565780882285082,34.37876791521309,3.0396826914100323,9.481931597308837,1.359463592703981,12.125991707503513,28079035.0,28079035.0,-3.7031722222222223,40.41920833333333,659.0,,,
Pza. del Carmen,2005,1.5625521443039359,0.5659371699188955,1.8888125213713645,4.345701090095139,0.22349933209231412,69.9816053116492,130.70890913016348,2.2216480746802714,30.300901390714188,39.206429519028696,1.88001678873664,9.68151600138078,1.347073971443299,9.09694156986528,28079035.0,28079035.0,-3.7031722222222223,40.41920833333333,659.0,,,
Pza. del Carmen,2006,1.214496635559667,0.5009392805480603,1.5002080225267396,3.612171150343033,0.20580285858517933,66.30184467340754,122.48194642351484,1.8077419359422084,29.41097550880787,37.490394550717205,1.5148829097883227,9.702182426197346,1.3439407295016192,6.810998626165729,28079035.0,28079035.0,-3.7031722222222223,40.41920833333333,659.0,,,
Pza. del Carmen,2011,,0.40242724721428713,,,,50.99073438572409,,,42.63346294602013,,,8.80683643037394,,,28079035.0,28079035.0,-3.7031722222222223,40.41920833333333,659.0,,31.33676622039135,
Pza. del Carmen,2012,,0.35161254146414944,,,,43.615939539677086,,,37.419531696173614,,,4.685818513451893,,,28079035.0,28079035.0,-3.7031722222222223,40.41920833333333,659.0,,28.98786213214245,
Pza. del Carmen,2013,,0.35253694399042695,,,,40.805746336996336,,,45.873513266239705,,,5.221955403087478,,,28079035.0,28079035.0,-3.7031722222222223,40.41920833333333,659.0,,23.50377747252747,
Pza. del Carmen,2014,,0.36258434069674644,,,,40.368499427262314,,,50.79550432276657,,,5.861295490959029,,,28079035.0,28079035.0,-3.7031722222222223,40.41920833333333,659.0,,21.967353951890033,
Pza. del Carmen,2015,,0.41454291030388307,,,,50.01437419656422,,,46.76977070659804,,,6.843051448846836,,,28079035.0,28079035.0,-3.7031722222222223,40.41920833333333,659.0,,31.844221105527637,
Pza. del Carmen,2016,,0.3602509027447111,,,,46.21415716856629,,,37.86641221374046,,,11.513507023652298,,,28079035.0,28079035.0,-3.7031722222222223,40.41920833333333,659.0,,22.296700659868026,
Pza. del Carmen,2017,,0.34438934988896336,,,,49.082475406085564,134.77268602540835,,37.425887021475255,,,8.356201459166863,,,28079035.0,28079035.0,-3.7031722222222223,40.41920833333333,659.0,,26.86318920155571,
Pza. del Carmen,2018,,0.3754018220105511,,,,48.18039078855548,78.52896022330775,,28.27524544179523,,,6.47921760391198,,,28079035.0,28079035.0,-3.7031722222222223,40.41920833333333,659.0,,19.801116538729936,
Sanchinarro,2009,,0.3301212786067413,,,,50.87959201280705,85.90662235376851,,,16.346394716707586,,7.685181910042726,,,28079057.0,28079057.0,-3.6605027777777774,40.49420833333333,700.0,,,
Sanchinarro,2010,,0.2690135167612618,,,,37.83532748636188,53.98339571788189,,,19.310610552560526,,8.845194789317318,,,28079057.0,28079057.0,-3.6605027777777774,40.49420833333333,700.0,,,
Sanchinarro,2011,,0.28129173361822263,,,,39.784466375964264,64.68000030517578,,,19.221379467950122,,7.6626223136586145,,,28079057.0,28079057.0,-3.6605027777777774,40.49420833333333,700.0,,21.07634902411022,
Sanchinarro,2012,,0.29012687954677835,,,,37.2776889700845,,,,25.416228571428572,,4.704464999429028,,,28079057.0,28079057.0,-3.6605027777777774,40.49420833333333,700.0,,17.499885818680063,
Sanchinarro,2013,,0.30435977377093804,,,,32.12730394962794,,,,16.691593072600067,,5.55373885204665,,,28079057.0,28079057.0,-3.6605027777777774,40.49420833333333,700.0,,14.229879793932456,
Sanchinarro,2014,,0.3221409037770585,,,,32.4518526989936,,,,17.645637737577285,,6.964878160393548,,,28079057.0,28079057.0,-3.6605027777777774,40.49420833333333,700.0,,14.956312900274474,
Sanchinarro,2015,,0.33628663727194885,,,,35.15216395694985,,,,19.892832608197846,,9.30476081483177,,,28079057.0,28079057.0,-3.6605027777777774,40.49420833333333,700.0,,20.743187542935654,
Sanchinarro,2016,,0.33697095245559266,,,,33.95708742296279,,,,19.30347974900171,,8.871844660194174,,,28079057.0,28079057.0,-3.6605027777777774,40.49420833333333,700.0,,15.771285094727231,
Sanchinarro,2017,,0.3444508154403028,,,,34.81048294804303,99.77520435967303,,,19.922830684806218,,9.194220584849182,,,28079057.0,28079057.0,-3.6605027777777774,40.49420833333333,700.0,,16.625429159990844,
Sanchinarro,2018,,0.33783032850301475,,,,33.622956521739134,56.869565217391305,,,13.439736019451198,,7.561891515994437,,,28079057.0,28079057.0,-3.6605027777777774,40.49420833333333,700.0,,15.156173913043478,
Tres Olivos,2010,,,,,,41.4636421864483,56.38179947521468,,51.041427841877955,18.724775913781034,,,,,28079060.0,28079060.0,-3.6897611111111113,40.500588888888885,715.0,,,
Tres Olivos,2011,,,,,,38.81542442589368,45.09999847412109,,52.88312064040518,20.429694926825913,,,,,28079060.0,28079060.0,-3.6897611111111113,40.50058888888889,715.0,,17.239488117001827,
Tres Olivos,2012,,,,,,32.4050011418132,,,46.379090183559455,19.177288792612018,,,,,28079060.0,28079060.0,-3.6897611111111113,40.50058888888889,715.0,,14.770723909568394,
Tres Olivos,2013,,,,,,29.497997940739047,,,55.781643396658275,17.584231033692415,,,,,28079060.0,28079060.0,-3.6897611111111113,40.50058888888889,715.0,,11.680928955497082,
Tres Olivos,2014,,,,,,29.055237877401648,,,59.36571690124728,18.01442968392121,,,,,28079060.0,28079060.0,-3.6897611111111113,40.50058888888889,715.0,,12.064844464775847,
Tres Olivos,2015,,,,,,38.16342412451362,,,58.84017427195597,19.320774163994503,,,,,28079060.0,28079060.0,-3.6897611111111113,40.50058888888889,715.0,,16.45799954222934,
Tres Olivos,2016,,,,,,35.58745724059293,,,62.261094504483786,17.707985833428538,,,,,28079060.0,28079060.0,-3.6897611111111113,40.50058888888889,715.0,,13.652223489167618,
Tres Olivos,2017,,,,,,35.516428162564395,91.79854479308777,,57.285174152153985,19.609831557236163,,,,,28079060.0,28079060.0,-3.6897611111111113,40.50058888888889,715.0,,14.243045220377791,
Tres Olivos,2018,,,,,,32.96211331247827,53.17379214459506,,54.02054317548747,15.086260869565217,,,,,28079060.0,28079060.0,-3.6897611111111113,40.50058888888889,715.0,,13.172749391727494,
Urb. Embajada,2010,0.3483973267672635,,0.390915279069394,,0.2480983527439516,44.10146040618636,68.94764105639639,,,19.670004835322136,,,1.4922535745131533,1.0036592489101874,28079055.0,28079055.0,-3.5807472222222216,40.46253055555556,618.0,,,
Urb. Embajada,2011,0.473848661469101,,0.5121976807254345,,0.12271005513092637,48.55363906684101,79.66000366210938,,,20.510404571533204,,,1.426116148113151,2.1141926827841053,28079055.0,28079055.0,-3.5807472222222216,40.46253055555556,618.0,,27.22978382706165,
Urb. Embajada,2012,0.5549216268531748,,0.670626228068399,,0.13221076726956119,42.1428897251682,,,,21.617690641741707,,,1.4534112259557839,2.450710572959163,28079055.0,28079055.0,-3.5807472222222216,40.46253055555556,618.0,,25.26034895655149,
Urb. Embajada,2013,0.41364218730762636,,0.826193249168371,,0.1630178193107602,37.404895344847304,,,,17.483327603987625,,,1.5497014594833984,1.7623674707982238,28079055.0,28079055.0,-3.5807472222222216,40.46253055555556,618.0,,20.617751343932287,
Urb. Embajada,2014,0.5724467172719154,,0.40360160392123945,,0.3771107481781506,37.07879623248334,,,,18.70499139414802,,,1.4621218149370763,1.8811027153567799,28079055.0,28079055.0,-3.5807472222222216,40.46253055555556,618.0,,19.614748449345278,
Urb. Embajada,2015,0.810817339893493,,0.5625528353770823,,0.5303397823086448,45.73643233340967,,,,21.302061855670104,,,1.6827324183693806,2.872845042224994,28079055.0,28079055.0,-3.5807472222222216,40.46253055555556,618.0,,24.754179070299976,
Urb. Embajada,2016,0.5028717634241576,,0.39759358653434484,,0.1694598981230245,42.4426061159288,,,,21.438474256022673,,,1.3024976767209264,2.0337220170655037,28079055.0,28079055.0,-3.5807472222222216,40.46253055555556,618.0,,24.374144226380647,
Urb. Embajada,2017,0.5484058013887725,,0.37960860458267687,,0.1520159249087789,46.958179723502305,135.44373576309795,,,23.797294172062905,,,1.3599396786279594,2.4255839312084144,28079055.0,28079055.0,-3.5807472222222216,40.46253055555556,618.0,,26.02880184331797,1.3158982869223497
Urb. Embajada,2018,0.5500351423953966,,0.31943078367896927,,0.08509360628116362,42.725121781489214,78.69171885873347,,,16.4856843575419,,,1.3511444627501779,1.9498945902443987,28079055.0,28079055.0,-3.5807472222222216,40.46253055555556,618.0,,23.453723034098818,1.266820918162018
Vallecas,2001,,0.5963168747883996,,,0.19860811502397047,49.53680111148235,82.67964939925218,,28.808233677207536,29.81174656772012,,9.221823287562113,1.4507206437375315,,28079040.0,28079040.0,-3.6515222222222223,40.38815277777777,677.0,,,
Vallecas,2002,,0.6100354968034499,,,0.15926450105716755,47.51623806736785,78.22020399670181,,39.871848802468215,32.83586001817481,,8.43906120698791,1.4186983138123184,,28079040.0,28079040.0,-3.6515222222222223,40.38815277777777,677.0,,,
Vallecas,2003,,0.6891007886413422,,,0.21762229663241148,49.17862084291508,76.09411913788742,,46.00668611550489,35.033652885195046,,7.7734413651277645,1.5189078533172387,,28079040.0,28079040.0,-3.6515222222222223,40.38815277777777,677.0,,,
Vallecas,2004,,0.44005780973932457,,,0.23392936728828287,46.85178159079075,78.47336482573328,,41.12694110449037,28.357969796982932,,7.416071222022326,1.4740853033712278,,28079040.0,28079040.0,-3.6515222222222223,40.38815277777777,677.0,,,
Vallecas,2005,,0.5041004762719354,,,,38.65286223728994,68.26382362544365,,41.5842702276893,31.534427657362333,,8.631453956298731,,,28079040.0,28079040.0,-3.6515222222222223,40.38815277777777,677.0,,,
Vallecas,2006,,0.37849060907312315,,,,34.14532622738786,62.76088904907258,,43.018767669470066,31.050499053672596,,10.551423974549438,,,28079040.0,28079040.0,-3.6515222222222223,40.38815277777777,677.0,,,
Vallecas,2007,,0.4058149623309609,,,,43.639075095277114,72.68231507237331,,41.92200545389548,28.177737250982037,,9.362222221094449,,,28079040.0,28079040.0,-3.6515222222222223,40.38815277777777,677.0,,,
Vallecas,2008,,0.3162052447150462,,,,40.396112124759064,62.55850043833093,,45.841914141100574,24.384305279058545,,9.979153184650004,,,28079040.0,28079040.0,-3.6515222222222223,40.38815277777777,677.0,,,
Vallecas,2009,,0.41203399517726264,,,,40.994451803408275,61.03457658261941,,51.550840632649006,22.371328148550365,,8.289475912648603,,,28079040.0,28079040.0,-3.6515222222222223,40.38815277777777,677.0,,,
Vallecas,2010,,,,,,42.421880924041716,60.339294620760896,,,21.25655325824632,,8.66790363995433,,,28079040.0,28079040.0,-3.6515222222222223,40.38815277777777,677.0,,,
Vallecas,2011,,,,,,44.52751817237799,80.36000061035156,,,23.478576360960002,,5.733459141280843,,,28079040.0,28079040.0,-3.6515222222222223,40.38815277777777,677.0,,21.342296595499135,
Vallecas,2012,,,,,,38.262601906074174,,,,23.38790322580645,,3.299333792786584,,,28079040.0,28079040.0,-3.6515222222222223,40.38815277777777,677.0,,18.083017568033068,
Vallecas,2013,,,,,,34.871299722479186,,,,17.826197639435318,,3.246795241944797,,,28079040.0,28079040.0,-3.6515222222222223,40.38815277777777,677.0,,14.493177613320999,
Vallecas,2014,,,,,,42.48844657973004,,,,18.557082331386695,,4.021395881006865,,,28079040.0,28079040.0,-3.6515222222222223,40.38815277777777,677.0,,16.657858613589568,
Vallecas,2015,,,,,,39.74450297755382,,,,21.134948096885815,,5.335660334172579,,,28079040.0,28079040.0,-3.6515222222222223,40.38815277777777,677.0,,19.361772789738893,
Vallecas,2016,,,,,,39.980139253509876,,,,19.54211013419713,,5.945249230067298,,,28079040.0,28079040.0,-3.6515222222222223,40.38815277777777,677.0,,16.347563063577216,
Vallecas,2017,,,,,,42.407127306061646,102.85153037916857,,,23.21288677714683,,8.421384368553747,,,28079040.0,28079040.0,-3.6515222222222223,40.38815277777777,677.0,,17.11344104503266,
Vallecas,2018,,,,,,38.761043478260866,63.23547826086956,,,17.32339368122116,,3.093444909344491,,,28079040.0,28079040.0,-3.6515222222222223,40.38815277777777,677.0,,15.95304347826087,
Villaverde,2001,,1.2015593643592246,,,,58.467425248309226,183.27498849219694,,26.22556344993738,45.44590106708905,,15.258235050838197,,,28079017.0,28079017.0,-3.713322222222221,40.347138888888885,604.0,,,
Villaverde,2002,,0.6199428893004499,,,,50.41498792859829,104.65941223043373,,37.333043291387156,37.065314433271,,6.298570779041877,,,28079017.0,28079017.0,-3.713322222222221,40.347138888888885,604.0,,,
Villaverde,2003,,0.6739587153154297,,,,49.623478239510085,97.4952403160223,,42.829797157052596,36.978175772705335,,9.108550289421265,,,28079017.0,28079017.0,-3.713322222222221,40.347138888888885,604.0,,,
Villaverde,2004,,0.728128157627072,,,,59.020351388392015,122.44276759506202,,39.7933677736951,39.22182733996366,,7.710484667844061,,,28079017.0,28079017.0,-3.713322222222221,40.347138888888885,604.0,,,
Villaverde,2005,,0.6130061810195889,,,,57.69498359502595,111.3427587231261,,43.97903813898785,40.49773507097956,,8.92499431959086,,,28079017.0,28079017.0,-3.713322222222221,40.347138888888885,604.0,,,
Villaverde,2009,,,,,,32.27421282385485,67.85834247579923,,34.67960101412248,,,7.755677683546059,,,28079017.0,28079017.0,-3.7133222222222204,40.347138888888885,604.0,,,
Villaverde,2010,,,,,,37.22282094788493,62.77365784709518,,31.814933544998528,,,8.462273704526467,,,28079017.0,28079017.0,-3.7133222222222213,40.347138888888885,604.0,,,
Villaverde,2011,,,,,,45.999405690648786,181.8000030517578,,32.36192996556669,,,6.529963290074611,,,28079017.0,28079017.0,-3.713322222222221,40.347138888888885,604.0,,43.171294171638365,
Villaverde,2012,,,,,,40.18151588120628,,,39.24382964068419,,,3.8737953189536483,,,28079017.0,28079017.0,-3.713322222222221,40.347138888888885,604.0,,38.39433551198257,
Villaverde,2013,,,,,,37.370370370370374,,,43.98932996787517,,,4.429015544041451,,,28079017.0,28079017.0,-3.713322222222221,40.347138888888885,604.0,,31.126934984520123,
Villaverde,2014,,,,,,36.95910652920962,,,43.669963201471944,,,5.84756446991404,,,28079017.0,28079017.0,-3.713322222222221,40.347138888888885,604.0,,30.58900343642612,
Villaverde,2015,,,,,,45.76698361782564,,,45.91104436229205,,,6.0875042950406595,,,28079017.0,28079017.0,-3.713322222222221,40.347138888888885,604.0,,49.20735479436362,
Villaverde,2016,,,,,,42.71738386028992,,,41.06236361548179,,,11.326415959642285,,,28079017.0,28079017.0,-3.713322222222221,40.347138888888885,604.0,,35.03732450633489,
Villaverde,2017,,,,,,48.621438419117645,198.3440909090909,,42.65186130117129,,,5.719935801903015,,,28079017.0,28079017.0,-3.713322222222221,40.347138888888885,604.0,,39.37327665441177,
Villaverde,2018,,,,,,39.99860675722745,85.66631835597353,,40.41543859649123,,,4.432253570184605,,,28079017.0,28079017.0,-3.713322222222221,40.347138888888885,604.0,,29.78300243817485,
